Date,Adj Close
30/10/2013,3040.689941
31/10/2013,3067.949951
01/11/2013,3052.139893
04/11/2013,3061.179932
05/11/2013,3035.919922
06/11/2013,3056.399902
07/11/2013,3042.97998
08/11/2013,3034.909912
11/11/2013,3052.830078
12/11/2013,3034.679932
13/11/2013,3021.169922
14/11/2013,3053.689941
15/11/2013,3054.530029
18/11/2013,3081.300049
19/11/2013,3049.169922
20/11/2013,3047.320068
21/11/2013,3044.340088
22/11/2013,3055.97998
25/11/2013,3072.75
26/11/2013,3062.620117
27/11/2013,3082.649902
28/11/2013,3092.419922
29/11/2013,3086.639893
02/12/2013,3077.22998
03/12/2013,3013.879883
04/12/2013,2991.76001
05/12/2013,2953.169922
06/12/2013,2979.939941
09/12/2013,2988.669922
10/12/2013,2960.860107
11/12/2013,2947.310059
12/12/2013,2928.120117
13/12/2013,2921.919922
16/12/2013,2978.77002
17/12/2013,2941.76001
18/12/2013,2975.090088
19/12/2013,3014.699951
20/12/2013,3049.350098
23/12/2013,3070.909912
27/12/2013,3111.370117
30/12/2013,3100.929932
03/01/2014,3074.429932
06/01/2014,3069.159912
07/01/2014,3110.959961
08/01/2014,3110.659912
09/01/2014,3090.26001
10/01/2014,3104.149902
13/01/2014,3111.939941
14/01/2014,3119.530029
15/01/2014,3168.76001
16/01/2014,3150.199951
17/01/2014,3154.100098
20/01/2014,3153.169922
21/01/2014,3153.080078
22/01/2014,3151.27002
23/01/2014,3117.080078
24/01/2014,3028.199951
27/01/2014,3014.620117
28/01/2014,3038.600098
29/01/2014,3011.449951
30/01/2014,3027.300049
31/01/2014,3013.959961
03/02/2014,2963.959961
04/02/2014,2962.48999
05/02/2014,2962.51001
06/02/2014,3010.790039
07/02/2014,3038.48999
10/02/2014,3032.530029
11/02/2014,3077.080078
12/02/2014,3094.889893
13/02/2014,3097.949951
14/02/2014,3119.060059
17/02/2014,null
18/02/2014,3117.439941
19/02/2014,3120.800049
20/02/2014,3121.590088
21/02/2014,3131.669922
24/02/2014,3157.310059
25/02/2014,3157.47998
26/02/2014,3148.189941
27/02/2014,3134.939941
28/02/2014,3149.22998
03/03/2014,3053.98999
04/03/2014,3136.330078
05/03/2014,3135.969971
06/03/2014,3144.530029
07/03/2014,3095.310059
10/03/2014,3092.790039
11/03/2014,3092.550049
12/03/2014,3065.459961
13/03/2014,3019.540039
14/03/2014,3004.639893
17/03/2014,3049.189941
18/03/2014,3073.75
19/03/2014,3076.360107
20/03/2014,3088.899902
21/03/2014,3096.48999
24/03/2014,3052.909912
25/03/2014,3096.639893
26/03/2014,3130.169922
27/03/2014,3133.75
28/03/2014,3172.429932
31/03/2014,3161.600098
01/04/2014,3186.340088
02/04/2014,3187.449951
03/04/2014,3206.76001
04/04/2014,3230.330078
07/04/2014,3185.969971
08/04/2014,3177.659912
09/04/2014,3182.790039
10/04/2014,3152.860107
11/04/2014,3116.540039
14/04/2014,3131.570068
15/04/2014,3091.52002
16/04/2014,3139.26001
17/04/2014,3155.810059
22/04/2014,3199.689941
23/04/2014,3175.969971
24/04/2014,3189.810059
25/04/2014,3147.399902
28/04/2014,3165.840088
29/04/2014,3208.679932
30/04/2014,3198.389893
02/05/2014,3177.889893
05/05/2014,3171.290039
06/05/2014,3149.790039
07/05/2014,3159.669922
08/05/2014,3204.300049
09/05/2014,3184.090088
12/05/2014,3206.969971
13/05/2014,3211.780029
14/05/2014,3210.419922
15/05/2014,3163.219971
16/05/2014,3172.719971
19/05/2014,3169.899902
20/05/2014,3163.929932
21/05/2014,3187.080078
22/05/2014,3187.629883
23/05/2014,3203.280029
26/05/2014,3240.389893
27/05/2014,3244.280029
28/05/2014,3246.23999
30/05/2014,3244.600098
02/06/2014,3247.800049
03/06/2014,3241.040039
04/06/2014,3237.929932
05/06/2014,3267.050049
06/06/2014,3294.280029
10/06/2014,3313.800049
11/06/2014,3289.090088
12/06/2014,3284.280029
13/06/2014,3282.840088
16/06/2014,3261.419922
17/06/2014,3275.330078
18/06/2014,3279.199951
19/06/2014,3314.800049
20/06/2014,3302.360107
23/06/2014,3282.580078
24/06/2014,3284.810059
25/06/2014,3252.310059
26/06/2014,3233.189941
27/06/2014,3227.850098
30/06/2014,3228.23999
01/07/2014,3258.709961
02/07/2014,3252.25
03/07/2014,3289.75
04/07/2014,3270.469971
07/07/2014,3230.919922
08/07/2014,3184.379883
09/07/2014,3203.100098
10/07/2014,3150.590088
11/07/2014,3157.050049
14/07/2014,3185.860107
15/07/2014,3153.75
16/07/2014,3202.939941
17/07/2014,3157.820068
18/07/2014,3164.209961
21/07/2014,3137.060059
22/07/2014,3189.219971
23/07/2014,3193.129883
24/07/2014,3220.070068
25/07/2014,3174.98999
28/07/2014,3171.550049
29/07/2014,3190.540039
30/07/2014,3169.22998
31/07/2014,3115.51001
04/08/2014,3070.459961
05/08/2014,3072.199951
06/08/2014,3050.370117
07/08/2014,3012.879883
08/08/2014,3006.830078
11/08/2014,3047.560059
12/08/2014,3023.77002
13/08/2014,3056.169922
14/08/2014,3058.159912
15/08/2014,3033.52002
18/08/2014,3073.449951
19/08/2014,3091.110107
20/08/2014,3083.5
21/08/2014,3124.560059
22/08/2014,3098.5
25/08/2014,3165.469971
26/08/2014,3197.540039
27/08/2014,3194.449951
28/08/2014,3164.439941
29/08/2014,3172.629883
01/09/2014,3175.050049
02/09/2014,3180.290039
03/09/2014,3218.840088
04/09/2014,3277.25
05/09/2014,3275.25
08/09/2014,3267.540039
09/09/2014,3245.429932
10/09/2014,3244.159912
11/09/2014,3237.76001
12/09/2014,3235.070068
15/09/2014,3231.699951
16/09/2014,3221.72998
17/09/2014,3237.439941
18/09/2014,3271.370117
19/09/2014,3273.25
22/09/2014,3257.47998
23/09/2014,3205.929932
24/09/2014,3244.01001
25/09/2014,3202.310059
26/09/2014,3219.580078
29/09/2014,3186.949951
30/09/2014,3225.929932
01/10/2014,3195.080078
02/10/2014,3106.419922
03/10/2014,3133.370117
06/10/2014,3138.669922
07/10/2014,3082.100098
08/10/2014,3053.310059
09/10/2014,3042.449951
10/10/2014,2991.5
13/10/2014,2998.320068
14/10/2014,3000.98999
15/10/2014,2892.550049
16/10/2014,2874.649902
17/10/2014,2962.23999
20/10/2014,2927.300049
21/10/2014,2991.459961
22/10/2014,3008.530029
23/10/2014,3044.300049
24/10/2014,3030.370117
27/10/2014,2998.840088
28/10/2014,3036.149902
29/10/2014,3022.419922
30/10/2014,3035.899902
31/10/2014,3113.320068
03/11/2014,3082.320068
04/11/2014,3034.23999
05/11/2014,3091.540039
06/11/2014,3102.070068
07/11/2014,3064.919922
10/11/2014,3094.600098
11/11/2014,3104.590088
12/11/2014,3047.300049
13/11/2014,3056.800049
14/11/2014,3059.98999
17/11/2014,3084.790039
18/11/2014,3120.419922
19/11/2014,3123.120117
20/11/2014,3102.209961
21/11/2014,3194.219971
24/11/2014,3211.699951
25/11/2014,3226.149902
26/11/2014,3226.080078
27/11/2014,3244.919922
28/11/2014,3250.929932
01/12/2014,3232.909912
02/12/2014,3238.350098
03/12/2014,3247.719971
04/12/2014,3191.25
05/12/2014,3277.379883
08/12/2014,3247.98999
09/12/2014,3162.77002
10/12/2014,3150.949951
11/12/2014,3159.110107
12/12/2014,3067.320068
15/12/2014,2982.899902
16/12/2014,3049.98999
17/12/2014,3051.98999
18/12/2014,3153.77002
19/12/2014,3141.280029
22/12/2014,3154.909912
23/12/2014,3192.469971
29/12/2014,null
30/12/2014,3135.949951
05/01/2015,3023.139893
06/01/2015,null
07/01/2015,3026.790039
08/01/2015,3135.080078
09/01/2015,3042.899902
12/01/2015,3084.179932
13/01/2015,3133.860107
14/01/2015,3089.669922
15/01/2015,3157.360107
16/01/2015,3202.23999
19/01/2015,3220.899902
20/01/2015,3244.919922
21/01/2015,3269.72998
22/01/2015,3322.649902
23/01/2015,3382.550049
26/01/2015,3414.280029
27/01/2015,3372.580078
28/01/2015,3358.959961
29/01/2015,3371.830078
30/01/2015,3351.439941
02/02/2015,3370.110107
03/02/2015,3414.179932
04/02/2015,3415.530029
05/02/2015,3408.959961
06/02/2015,3398.159912
09/02/2015,3347.75
10/02/2015,3383.129883
11/02/2015,3374.139893
12/02/2015,3417.610107
13/02/2015,3447.590088
16/02/2015,3433.300049
17/02/2015,3438.439941
18/02/2015,3465.800049
19/02/2015,3488.080078
20/02/2015,3490.530029
23/02/2015,3519.580078
24/02/2015,3547.100098
25/02/2015,3541.780029
26/02/2015,3574.939941
27/02/2015,3599
02/03/2015,3591.090088
03/03/2015,3549.110107
04/03/2015,3583.439941
05/03/2015,3618.209961
06/03/2015,3617.620117
09/03/2015,3610.280029
10/03/2015,3567.25
11/03/2015,3649.540039
12/03/2015,3641.320068
13/03/2015,3656.209961
16/03/2015,3706.75
17/03/2015,3672.159912
18/03/2015,3668.52002
19/03/2015,3670.72998
20/03/2015,3726.070068
23/03/2015,3699.040039
24/03/2015,3731.350098
25/03/2015,3684.040039
26/03/2015,3669.790039
27/03/2015,3679.030029
30/03/2015,3727.800049
31/03/2015,3697.379883
01/04/2015,3714.889893
02/04/2015,3715.27002
07/04/2015,3768.719971
08/04/2015,3742.629883
09/04/2015,3781.790039
10/04/2015,3816.76001
13/04/2015,3828.780029
14/04/2015,3784.530029
15/04/2015,3803.550049
16/04/2015,3751.719971
17/04/2015,3674.050049
20/04/2015,3718.040039
21/04/2015,3719.379883
22/04/2015,3724.48999
23/04/2015,3697.879883
24/04/2015,3713.959961
27/04/2015,3771.449951
28/04/2015,3715.419922
29/04/2015,3617.110107
30/04/2015,3615.590088
04/05/2015,3632.939941
05/05/2015,3546.560059
06/05/2015,3558.030029
07/05/2015,3556.209961
08/05/2015,3649.47998
11/05/2015,3624.409912
12/05/2015,3573.100098
13/05/2015,3553.419922
15/05/2015,3573.070068
18/05/2015,3589.219971
19/05/2015,3670.52002
20/05/2015,3683.47998
21/05/2015,3688.719971
22/05/2015,3679.139893
26/05/2015,3619.300049
27/05/2015,3682.870117
28/05/2015,3650.709961
29/05/2015,3570.780029
01/06/2015,3575.040039
02/06/2015,3561.889893
03/06/2015,3583.820068
04/06/2015,3556.379883
05/06/2015,3510.01001
08/06/2015,3468.310059
09/06/2015,3456.790039
10/06/2015,3526.47998
11/06/2015,3551.909912
12/06/2015,3502.77002
15/06/2015,3438.070068
16/06/2015,3454.090088
17/06/2015,3428.76001
18/06/2015,3450.449951
19/06/2015,3455.800049
22/06/2015,3596.070068
23/06/2015,3625.969971
24/06/2015,3610.949951
25/06/2015,3610.909912
26/06/2015,3621.370117
29/06/2015,3468.899902
30/06/2015,3424.300049
01/07/2015,3496.280029
02/07/2015,3463.25
03/07/2015,3441.76001
06/07/2015,3365.199951
07/07/2015,3294.189941
08/07/2015,3327.5
09/07/2015,3420.030029
10/07/2015,3528.810059
13/07/2015,3590.429932
14/07/2015,3607.189941
15/07/2015,3623.870117
16/07/2015,3676.409912
17/07/2015,3670.340088
20/07/2015,3686.580078
21/07/2015,3647.959961
22/07/2015,3635.580078
23/07/2015,3634.639893
24/07/2015,3600
27/07/2015,3513.100098
28/07/2015,3554.110107
29/07/2015,3575.530029
30/07/2015,3583.790039
31/07/2015,3600.689941
03/08/2015,3635.399902
04/08/2015,3619.310059
05/08/2015,3676.75
06/08/2015,3668.469971
07/08/2015,3637.800049
10/08/2015,3674.939941
11/08/2015,3605.280029
12/08/2015,3484.409912
13/08/2015,3516.149902
14/08/2015,3491.030029
17/08/2015,3497.899902
18/08/2015,3495.379883
19/08/2015,3429.840088
20/08/2015,3353.47998
21/08/2015,3247.26001
24/08/2015,3073.389893
25/08/2015,3218.01001
26/08/2015,3170.72998
27/08/2015,3280.780029
28/08/2015,3286.590088
31/08/2015,3269.629883
01/09/2015,3188.72998
02/09/2015,3198.860107
03/09/2015,3270.090088
04/09/2015,3180.25
07/09/2015,3197.969971
08/09/2015,3233.840088
09/09/2015,3269.97998
10/09/2015,3221.139893
11/09/2015,3187.939941
14/09/2015,3175.620117
15/09/2015,3207.600098
16/09/2015,3251.790039
17/09/2015,3255.790039
18/09/2015,3157.300049
21/09/2015,3184.719971
22/09/2015,3076.050049
23/09/2015,3079.98999
24/09/2015,3019.340088
25/09/2015,3113.159912
28/09/2015,3039.439941
29/09/2015,3029.860107
30/09/2015,3100.669922
01/10/2015,3069.050049
02/10/2015,3088.179932
05/10/2015,3190.389893
06/10/2015,3220.090088
07/10/2015,3226.399902
08/10/2015,3224.959961
09/10/2015,3250.310059
12/10/2015,3247.330078
13/10/2015,3221.280029
14/10/2015,3191.570068
15/10/2015,3238.810059
16/10/2015,3264.929932
19/10/2015,3272.040039
20/10/2015,3255.719971
21/10/2015,3272.22998
22/10/2015,3353.110107
23/10/2015,3425.810059
26/10/2015,3414.600098
27/10/2015,3381.01001
28/10/2015,3421.090088
29/10/2015,3413.389893
30/10/2015,3418.22998
02/11/2015,3434.5
03/11/2015,3442.679932
04/11/2015,3439.159912
05/11/2015,3447.48999
06/11/2015,3468.209961
09/11/2015,3418.360107
10/11/2015,3425.399902
11/11/2015,3448.419922
12/11/2015,3387.699951
13/11/2015,3360.649902
16/11/2015,3362.22998
17/11/2015,3451.939941
18/11/2015,3431.919922
19/11/2015,3448.929932
20/11/2015,3452.449951
23/11/2015,3445.26001
24/11/2015,3409.600098
25/11/2015,3462.060059
26/11/2015,3498.620117
27/11/2015,3488.98999
30/11/2015,3506.449951
01/12/2015,3479.639893
02/12/2015,3468.659912
03/12/2015,3343.340088
04/12/2015,3330.75
07/12/2015,3360.209961
08/12/2015,3297.459961
09/12/2015,3277.209961
10/12/2015,3269.969971
11/12/2015,3203.209961
14/12/2015,3139.23999
15/12/2015,3241.51001
16/12/2015,3246.780029
17/12/2015,3306.469971
18/12/2015,3260.719971
21/12/2015,3213.01001
22/12/2015,3214.320068
23/12/2015,3286.679932
28/12/2015,3256.48999
29/12/2015,3314.280029
30/12/2015,3287.97998
04/01/2016,3164.76001
05/01/2016,3178.01001
06/01/2016,3139.320068
07/01/2016,3084.679932
08/01/2016,3033.469971
11/01/2016,3027.48999
12/01/2016,3064.659912
13/01/2016,3073.02002
14/01/2016,3024
15/01/2016,2952.47998
18/01/2016,2935.389893
19/01/2016,2980.48999
20/01/2016,2882.590088
21/01/2016,2943.919922
22/01/2016,3023.209961
25/01/2016,3001.780029
26/01/2016,3032.840088
27/01/2016,3043.469971
28/01/2016,2979.419922
29/01/2016,3045.090088
01/02/2016,3021.01001
02/02/2016,2951.850098
03/02/2016,2896.629883
04/02/2016,2905.300049
05/02/2016,2879.389893
08/02/2016,2785.169922
09/02/2016,2736.5
10/02/2016,2789.050049
11/02/2016,2680.350098
12/02/2016,2756.159912
15/02/2016,2833.870117
16/02/2016,2821.26001
17/02/2016,2897.719971
18/02/2016,2895.149902
19/02/2016,2871.050049
22/02/2016,2933.909912
23/02/2016,2887.379883
24/02/2016,2820.23999
25/02/2016,2877.419922
26/02/2016,2929.159912
29/02/2016,2945.75
01/03/2016,2996.389893
02/03/2016,3022.139893
03/03/2016,3012.870117
04/03/2016,3037.350098
07/03/2016,3021.090088
08/03/2016,3002.01001
09/03/2016,3016.179932
10/03/2016,2970.780029
11/03/2016,3073.800049
14/03/2016,3091.97998
15/03/2016,3067.209961
16/03/2016,3062.050049
17/03/2016,3043.100098
18/03/2016,3059.77002
21/03/2016,3048.77002
22/03/2016,3051.22998
23/03/2016,3042.419922
24/03/2016,2986.72998
29/03/2016,3004.870117
30/03/2016,3044.100098
31/03/2016,3004.929932
01/04/2016,2953.280029
04/04/2016,2962.280029
05/04/2016,2890.350098
06/04/2016,2909.360107
07/04/2016,2871.570068
08/04/2016,2911.97998
11/04/2016,2924.22998
12/04/2016,2942.090088
13/04/2016,3039.189941
14/04/2016,3060.860107
15/04/2016,3054.340088
18/04/2016,3064.030029
19/04/2016,3112.98999
20/04/2016,3142.52002
21/04/2016,3151.689941
22/04/2016,3141.120117
25/04/2016,3117.620117
26/04/2016,3121.290039
27/04/2016,3130.429932
28/04/2016,3125.429932
29/04/2016,3028.209961
02/05/2016,3032.600098
03/05/2016,2974.199951
04/05/2016,2938.75
06/05/2016,2936.840088
09/05/2016,2955.830078
10/05/2016,2978.969971
11/05/2016,2956.709961
12/05/2016,2935.459961
13/05/2016,2956.629883
17/05/2016,2938.090088
18/05/2016,2956.429932
19/05/2016,2919.219971
20/05/2016,2962.159912
23/05/2016,2932.929932
24/05/2016,3010.120117
25/05/2016,3061.600098
26/05/2016,3071.209961
27/05/2016,3078.47998
30/05/2016,3090.01001
31/05/2016,3063.47998
01/06/2016,3038.77002
02/06/2016,3033.860107
03/06/2016,2997.550049
06/06/2016,3001.899902
07/06/2016,3040.689941
08/06/2016,3019.76001
09/06/2016,2989.030029
10/06/2016,2911.110107
13/06/2016,2853.52002
14/06/2016,2797.179932
15/06/2016,2830.300049
16/06/2016,2819.300049
17/06/2016,2849.169922
20/06/2016,2942.879883
21/06/2016,2967.340088
22/06/2016,2978.310059
23/06/2016,3037.860107
24/06/2016,2776.090088
27/06/2016,2697.439941
28/06/2016,2758.669922
29/06/2016,2832.179932
30/06/2016,2864.73999
01/07/2016,2883.060059
04/07/2016,2862.209961
05/07/2016,2812.879883
06/07/2016,2761.370117
07/07/2016,2780.100098
08/07/2016,2838.01001
11/07/2016,2885.320068
12/07/2016,2933.439941
13/07/2016,2926.139893
14/07/2016,2963.070068
15/07/2016,2958.649902
18/07/2016,2949.169922
19/07/2016,2931.100098
20/07/2016,2966.949951
21/07/2016,2968.48999
22/07/2016,2972.22998
25/07/2016,2973.219971
26/07/2016,2978.899902
27/07/2016,2999.47998
28/07/2016,2966.100098
29/07/2016,2990.76001
02/08/2016,2906.97998
03/08/2016,2911.060059
04/08/2016,2932.340088
05/08/2016,2973.709961
08/08/2016,2982.919922
09/08/2016,3029.179932
10/08/2016,3018.459961
11/08/2016,3049.030029
12/08/2016,3044.939941
15/08/2016,3046.649902
16/08/2016,3016.189941
17/08/2016,2980.540039
18/08/2016,2995.300049
19/08/2016,2968.199951
22/08/2016,2960.370117
23/08/2016,2993.72998
24/08/2016,3008.590088
25/08/2016,2987.689941
26/08/2016,3010.360107
29/08/2016,2998.5
30/08/2016,3030.75
31/08/2016,3023.129883
01/09/2016,3017.48999
02/09/2016,3079.73999
05/09/2016,3077.659912
06/09/2016,3070.159912
07/09/2016,3091.659912
08/09/2016,3083.540039
09/09/2016,3053.199951
12/09/2016,3012.879883
13/09/2016,2974.800049
14/09/2016,2964.899902
15/09/2016,2973.77002
16/09/2016,2935.25
19/09/2016,2968.310059
20/09/2016,2964.860107
21/09/2016,2982.179932
22/09/2016,3051.689941
23/09/2016,3032.310059
26/09/2016,2975.879883
27/09/2016,2970.840088
28/09/2016,2991.110107
29/09/2016,2991.580078
30/09/2016,3002.23999
03/10/2016,2998.5
04/10/2016,3029.5
05/10/2016,3026.280029
06/10/2016,3021.580078
07/10/2016,3000.570068
10/10/2016,3035.76001
11/10/2016,3020.689941
12/10/2016,3008.030029
13/10/2016,2975.040039
14/10/2016,3025.189941
17/10/2016,3008.719971
18/10/2016,3046.98999
19/10/2016,3055.939941
20/10/2016,3076.629883
21/10/2016,3077.649902
24/10/2016,3093.860107
25/10/2016,3087.409912
26/10/2016,3080.97998
27/10/2016,3085.169922
28/10/2016,3079.23999
31/10/2016,3055.25
01/11/2016,3023.149902
02/11/2016,2980.169922
03/11/2016,2973.48999
04/11/2016,2954.530029
07/11/2016,3009.280029
08/11/2016,3023.429932
09/11/2016,3056.290039
10/11/2016,3046.590088
11/11/2016,3030.02002
14/11/2016,3039.800049
15/11/2016,3049.719971
16/11/2016,3026.360107
17/11/2016,3041.790039
18/11/2016,3020.830078
21/11/2016,3032.969971
22/11/2016,3044.330078
23/11/2016,3032.139893
24/11/2016,3040.600098
25/11/2016,3048.379883
28/11/2016,3016.800049
29/11/2016,3038.419922
30/11/2016,3051.610107
01/12/2016,3030.97998
02/12/2016,3015.129883
05/12/2016,3052.75
06/12/2016,3100.76001
07/12/2016,3142.23999
08/12/2016,3185.790039
09/12/2016,3197.540039
12/12/2016,3199.110107
13/12/2016,3236.709961
14/12/2016,3211.709961
15/12/2016,3249.73999
16/12/2016,3259.23999
19/12/2016,3257.850098
20/12/2016,3279.409912
21/12/2016,3270.75
22/12/2016,3269.51001
23/12/2016,3273.969971
27/12/2016,3278.530029
28/12/2016,3278.719971
29/12/2016,3271.76001
30/12/2016,3290.52002
03/01/2017,3315.02002
04/01/2017,3317.52002
05/01/2017,3316.469971
06/01/2017,3321.169922
09/01/2017,3308.969971
10/01/2017,3306.209961
11/01/2017,3307.939941
12/01/2017,3286.699951
13/01/2017,3324.340088
16/01/2017,3294.530029
17/01/2017,3285.040039
18/01/2017,3294
19/01/2017,3290.330078
20/01/2017,3299.439941
23/01/2017,3273.040039
24/01/2017,3281.530029
25/01/2017,3326.149902
26/01/2017,3319.129883
27/01/2017,3303.330078
30/01/2017,3262.719971
31/01/2017,3230.679932
01/02/2017,3258.919922
02/02/2017,3253.610107
03/02/2017,3273.110107
06/02/2017,3238.310059
07/02/2017,3235.709961
08/02/2017,3238.040039
09/02/2017,3277.790039
10/02/2017,3270.830078
13/02/2017,3305.22998
14/02/2017,3308.889893
15/02/2017,3323.709961
16/02/2017,3311.040039
17/02/2017,3308.810059
20/02/2017,3312.389893
21/02/2017,3339.330078
22/02/2017,3339.27002
23/02/2017,3333.959961
24/02/2017,3304.090088
27/02/2017,3309.300049
28/02/2017,3319.610107
01/03/2017,3390.199951
02/03/2017,3384.709961
03/03/2017,3403.389893
06/03/2017,3387.459961
07/03/2017,3385.120117
08/03/2017,3389.620117
09/03/2017,3409.889893
10/03/2017,3416.27002
13/03/2017,3415.48999
14/03/2017,3399.429932
15/03/2017,3409.320068
16/03/2017,3439.959961
17/03/2017,3448.409912
20/03/2017,3437.47998
21/03/2017,3429.620117
22/03/2017,3420.699951
23/03/2017,3452.179932
24/03/2017,3444.149902
27/03/2017,3437.139893
28/03/2017,3465.070068
29/03/2017,3475.27002
30/03/2017,3481.580078
31/03/2017,3500.929932
03/04/2017,3472.939941
04/04/2017,3481.659912
05/04/2017,3472.580078
06/04/2017,3489.570068
07/04/2017,3495.800049
10/04/2017,3480.439941
11/04/2017,3470.040039
12/04/2017,3468.51001
13/04/2017,3448.26001
18/04/2017,3409.780029
19/04/2017,3420.98999
20/04/2017,3440.030029
21/04/2017,3440.27002
24/04/2017,3577.379883
25/04/2017,3583.159912
26/04/2017,3578.709961
27/04/2017,3563.290039
28/04/2017,3559.590088
02/05/2017,3578.209961
03/05/2017,3586.25
04/05/2017,3627.879883
05/05/2017,3658.790039
08/05/2017,3642.110107
09/05/2017,3649.080078
10/05/2017,3645.73999
11/05/2017,3623.550049
12/05/2017,3637.52002
15/05/2017,3641.879883
16/05/2017,3641.889893
17/05/2017,3584.830078
18/05/2017,3562.219971
19/05/2017,3587.01001
22/05/2017,3576.530029
23/05/2017,3595.030029
24/05/2017,3586.620117
26/05/2017,3579.02002
29/05/2017,3578.949951
30/05/2017,3561.219971
31/05/2017,3554.590088
01/06/2017,3567.02002
02/06/2017,3591.820068
06/06/2017,3554.179932
07/06/2017,3548.840088
08/06/2017,3563.879883
09/06/2017,3586.070068
12/06/2017,3543.949951
13/06/2017,3557.870117
14/06/2017,3547.149902
15/06/2017,3525.459961
16/06/2017,3543.879883
19/06/2017,3579.580078
20/06/2017,3560.659912
21/06/2017,3554.350098
22/06/2017,3555.76001
23/06/2017,3543.679932
26/06/2017,3561.76001
27/06/2017,3538.320068
28/06/2017,3535.699951
29/06/2017,3471.330078
30/06/2017,3441.879883
03/07/2017,3491.810059
04/07/2017,3479.469971
05/07/2017,3478.409912
06/07/2017,3462.060059
07/07/2017,3463.840088
10/07/2017,3478.060059
11/07/2017,3464.47998
12/07/2017,3515.22998
13/07/2017,3527.830078
14/07/2017,3525.939941
17/07/2017,3516.350098
18/07/2017,3478.679932
19/07/2017,3500.280029
20/07/2017,3499.48999
21/07/2017,3451.709961
24/07/2017,3453.169922
25/07/2017,3473.540039
26/07/2017,3491.189941
27/07/2017,3493.139893
28/07/2017,3467.72998
31/07/2017,3449.360107
02/08/2017,3459.320068
03/08/2017,3466.370117
04/08/2017,3507.409912
07/08/2017,3505.800049
08/08/2017,3515.629883
09/08/2017,3468.449951
10/08/2017,3433.540039
11/08/2017,3406.340088
14/08/2017,3450.659912
15/08/2017,3461.909912
16/08/2017,3484.570068
17/08/2017,3461.969971
18/08/2017,3446.030029
21/08/2017,3423.530029
22/08/2017,3455.590088
23/08/2017,3438.629883
24/08/2017,3444.72998
25/08/2017,3438.550049
28/08/2017,3421.030029
29/08/2017,3388.219971
30/08/2017,3403.709961
31/08/2017,3421.469971
01/09/2017,3443.879883
04/09/2017,3430.419922
05/09/2017,3420.860107
06/09/2017,3433.800049
07/09/2017,3447.659912
08/09/2017,3447.689941
11/09/2017,3495.189941
12/09/2017,3512.560059
13/09/2017,3523.139893
14/09/2017,3526.47998
15/09/2017,3515.550049
18/09/2017,3526.73999
19/09/2017,3531.179932
20/09/2017,3525.550049
21/09/2017,3539.590088
22/09/2017,3541.419922
25/09/2017,3537.810059
26/09/2017,3536.379883
27/09/2017,3555.169922
28/09/2017,3563.639893
29/09/2017,3594.850098
02/10/2017,3602.689941
03/10/2017,3605.72998
04/10/2017,3594.909912
05/10/2017,3613.540039
06/10/2017,3603.320068
09/10/2017,3610.5
10/10/2017,3598.790039
11/10/2017,3607.389893
12/10/2017,3605.540039
13/10/2017,3604.550049
16/10/2017,3606.27002
17/10/2017,3607.77002
18/10/2017,3619.649902
19/10/2017,3602.080078
20/10/2017,3605.090088
23/10/2017,3608.870117
24/10/2017,3610.689941
25/10/2017,3591.459961
26/10/2017,3637.199951
27/10/2017,3652.22998
30/10/2017,3662.179932
31/10/2017,3673.949951
01/11/2017,3697.399902
02/11/2017,3688.800049
03/11/2017,3689.959961
06/11/2017,3682.360107
07/11/2017,3658.77002
08/11/2017,3655.040039
09/11/2017,3612.5
10/11/2017,3593.76001
13/11/2017,3574.52002
14/11/2017,3556.379883
15/11/2017,3545.719971
16/11/2017,3564.800049
17/11/2017,3547.459961
20/11/2017,3561.409912
21/11/2017,3579.320068
22/11/2017,3562.649902
23/11/2017,3572.070068
24/11/2017,3581.22998
27/11/2017,3564.02002
28/11/2017,3583.48999
29/11/2017,3589.909912
30/11/2017,3569.929932
01/12/2017,3527.550049
04/12/2017,3576.219971
05/12/2017,3570.570068
06/12/2017,3561.570068
07/12/2017,3573.129883
08/12/2017,3591.449951
11/12/2017,3582.209961
12/12/2017,3600.350098
13/12/2017,3581.75
14/12/2017,3556.219971
15/12/2017,3560.530029
18/12/2017,3609.419922
19/12/2017,3582.219971
20/12/2017,3552.649902
21/12/2017,3570.780029
22/12/2017,3553.389893
27/12/2017,3550.169922
28/12/2017,3524.310059
29/12/2017,3503.959961
03/01/2018,3509.879883
04/01/2018,3568.879883
05/01/2018,3607.629883
08/01/2018,3616.449951
09/01/2018,3622.870117
10/01/2018,3609.830078
11/01/2018,3595.23999
12/01/2018,3612.610107
15/01/2018,3611.810059
16/01/2018,3622.01001
17/01/2018,3612.780029
18/01/2018,3620.909912
19/01/2018,3649.070068
22/01/2018,3665.280029
23/01/2018,3672.290039
24/01/2018,3643.219971
25/01/2018,3630.149902
26/01/2018,3647.409912
29/01/2018,3643.040039
30/01/2018,3606.75
31/01/2018,3609.290039
01/02/2018,3577.350098
02/02/2018,3523.280029
05/02/2018,3478.77002
06/02/2018,3394.919922
07/02/2018,3454.52002
08/02/2018,3377.300049
09/02/2018,3325.98999
12/02/2018,3368.25
13/02/2018,3340.929932
14/02/2018,3369.830078
15/02/2018,3389.629883
16/02/2018,3426.800049
19/02/2018,3407.790039
20/02/2018,3435.080078
21/02/2018,3430.159912
22/02/2018,3431.98999
23/02/2018,3441.459961
26/02/2018,3463.179932
27/02/2018,3458.030029
28/02/2018,3438.959961
01/03/2018,3399.159912
02/03/2018,3324.75
05/03/2018,3355.320068
06/03/2018,3357.860107
07/03/2018,3377.360107
08/03/2018,3413.280029
09/03/2018,3420.540039
12/03/2018,3429.47998
13/03/2018,3397.350098
14/03/2018,3390.97998
15/03/2018,3414.129883
16/03/2018,3437.399902
19/03/2018,3394.790039
20/03/2018,3412.080078
21/03/2018,3401.040039
22/03/2018,3348.189941
23/03/2018,3298.070068
26/03/2018,3278.719971
27/03/2018,3316.949951
28/03/2018,3331.25
29/03/2018,3361.5
03/04/2018,3346.929932
04/04/2018,3340.350098
05/04/2018,3429.949951
06/04/2018,3408.100098
09/04/2018,3414.850098
10/04/2018,3438.780029
11/04/2018,3419.709961
12/04/2018,3443.969971
13/04/2018,3448
16/04/2018,3441.040039
17/04/2018,3477.909912
18/04/2018,3490.889893
19/04/2018,3486.600098
20/04/2018,3494.199951
23/04/2018,3513.060059
24/04/2018,3510.879883
25/04/2018,3485.830078
26/04/2018,3506.030029
27/04/2018,3518.780029
30/04/2018,3536.52002
02/05/2018,3553.790039
03/05/2018,3529.120117
04/05/2018,3550.590088
07/05/2018,3564.189941
08/05/2018,3557.879883
09/05/2018,3569.73999
11/05/2018,3565.52002
14/05/2018,3565.73999
15/05/2018,3564.290039
16/05/2018,3562.850098
17/05/2018,3592.179932
18/05/2018,3573.76001
22/05/2018,3587.25
23/05/2018,3541.820068
24/05/2018,3521.76001
25/05/2018,3515.360107
28/05/2018,3482.639893
29/05/2018,3428.139893
30/05/2018,3441.189941
31/05/2018,3406.649902
01/06/2018,3453.540039
04/06/2018,3469.570068
05/06/2018,3456.790039
06/06/2018,3460.820068
07/06/2018,3459.77002
08/06/2018,3447.300049
11/06/2018,3480.219971
12/06/2018,3475.580078
13/06/2018,3479.560059
14/06/2018,3527.110107
15/06/2018,3505.02002
18/06/2018,3466.649902
19/06/2018,3435.300049
20/06/2018,3439.600098
21/06/2018,3403.51001
22/06/2018,3441.600098
25/06/2018,3369.209961
26/06/2018,3368.719971
27/06/2018,3397.129883
28/06/2018,3365.52002
29/06/2018,3395.600098
02/07/2018,3372.209961
03/07/2018,3406.340088
04/07/2018,3412.030029
05/07/2018,3440.919922
06/07/2018,3448.48999
09/07/2018,3460.439941
10/07/2018,3473.310059
11/07/2018,3422.350098
12/07/2018,3445.48999
13/07/2018,3454.540039
16/07/2018,3449.080078
17/07/2018,3457.5
18/07/2018,3485.080078
19/07/2018,3471.639893
20/07/2018,3460.030029
23/07/2018,3454.050049
24/07/2018,3483.310059
25/07/2018,3468.449951
26/07/2018,3509.26001
27/07/2018,3527.179932
30/07/2018,3512.310059
31/07/2018,3525.48999
02/08/2018,3469.209961
03/08/2018,3482.399902
06/08/2018,3483.300049
07/08/2018,3504.370117
08/08/2018,3493.600098
09/08/2018,3494.129883
10/08/2018,3426.280029
13/08/2018,3409.679932
14/08/2018,3409.439941
15/08/2018,3359.080078
16/08/2018,3377.560059
17/08/2018,3372.939941
20/08/2018,3393.669922
21/08/2018,3411.659912
22/08/2018,3420.179932
23/08/2018,3419.26001
24/08/2018,3427.439941
27/08/2018,3456.01001
28/08/2018,3447.570068
29/08/2018,3456.129883
30/08/2018,3430.98999
31/08/2018,3392.899902
03/09/2018,3394.98999
04/09/2018,3359.360107
05/09/2018,3315.620117
06/09/2018,3295.949951
07/09/2018,3293.360107
10/09/2018,3309.280029
11/09/2018,3311.659912
12/09/2018,3326.600098
13/09/2018,3333.679932
14/09/2018,3344.629883
17/09/2018,3346.110107
18/09/2018,3358.459961
19/09/2018,3368.560059
20/09/2018,3403.120117
21/09/2018,3430.810059
24/09/2018,3410.439941
25/09/2018,3419.780029
26/09/2018,3433.149902
27/09/2018,3449.790039
28/09/2018,3399.199951
01/10/2018,3414.159912
02/10/2018,3388.98999
03/10/2018,3405.47998
04/10/2018,3375.080078
05/10/2018,3345.51001
08/10/2018,3309.719971
09/10/2018,3321.790039
10/10/2018,3266.899902
11/10/2018,3209.189941
12/10/2018,3194.409912
15/10/2018,3210.370117
16/10/2018,3257.340088
17/10/2018,3243.080078
18/10/2018,3211.590088
19/10/2018,3210.820068
22/10/2018,3190.090088
23/10/2018,3140.939941
24/10/2018,3130.330078
25/10/2018,3164.399902
26/10/2018,3134.889893
29/10/2018,3154.929932
30/10/2018,3147.129883
31/10/2018,3197.51001
01/11/2018,3204.209961
02/11/2018,3214.409912
05/11/2018,3217.370117
06/11/2018,3207.419922
07/11/2018,3246.159912
08/11/2018,3237.600098
09/11/2018,3229.48999
12/11/2018,3194.080078
13/11/2018,3224.820068
14/11/2018,3205.360107
15/11/2018,3190.310059
16/11/2018,3180.73999
19/11/2018,3160.330078
20/11/2018,3116.070068
21/11/2018,3153.909912
22/11/2018,3126.669922
23/11/2018,3137.209961
26/11/2018,3172.709961
27/11/2018,3166.419922
28/11/2018,3168.290039
29/11/2018,3174.159912
30/11/2018,3173.129883
03/12/2018,3214.98999
04/12/2018,3189.25
05/12/2018,3150.27002
06/12/2018,3045.939941
07/12/2018,3058.530029
10/12/2018,3016.98999
11/12/2018,3055.320068
12/12/2018,3107.969971
13/12/2018,3112.169922
14/12/2018,3092.600098
17/12/2018,3063.649902
18/12/2018,3040.129883
19/12/2018,3051.379883
20/12/2018,3000.060059
21/12/2018,3000.610107
27/12/2018,2937.360107
28/12/2018,2986.530029
03/01/2019,2954.659912
04/01/2019,3041.850098
07/01/2019,3033.639893
08/01/2019,3054.939941
09/01/2019,3070.23999
10/01/2019,3075.72998
11/01/2019,3070.040039
14/01/2019,3055.179932
15/01/2019,3068.050049
16/01/2019,3077.219971
17/01/2019,3069.350098
18/01/2019,3134.919922
21/01/2019,3125.070068
22/01/2019,3112.800049
23/01/2019,3112.129883
24/01/2019,3126.310059
25/01/2019,3163.23999
28/01/2019,3137.27002
29/01/2019,3153.419922
30/01/2019,3161.73999
31/01/2019,3159.429932
01/02/2019,3171.120117
04/02/2019,3165.199951
05/02/2019,3215.040039
06/02/2019,3212.75
07/02/2019,3150.76001
08/02/2019,3135.620117
11/02/2019,3165.610107
12/02/2019,3190.75
13/02/2019,3202.370117
14/02/2019,3182.659912
15/02/2019,3241.25
18/02/2019,3244.790039
19/02/2019,3239.409912
20/02/2019,3259.48999
21/02/2019,3263.699951
22/02/2019,3270.550049
25/02/2019,3280.01001
26/02/2019,3289.320068
27/02/2019,3282.77002
28/02/2019,3298.26001
01/03/2019,3312.100098
04/03/2019,3317.120117
05/03/2019,3327.189941
06/03/2019,3324.669922
07/03/2019,3308.850098
08/03/2019,3283.600098
11/03/2019,3304.439941
12/03/2019,3303.949951
13/03/2019,3323.449951
14/03/2019,3342.030029
15/03/2019,3386.080078
18/03/2019,3387.939941
19/03/2019,3409
20/03/2019,3372.379883
21/03/2019,3367.399902
22/03/2019,3305.72998
25/03/2019,3300.47998
26/03/2019,3319.530029
27/03/2019,3322.040039
28/03/2019,3320.290039
29/03/2019,3351.709961
01/04/2019,3385.379883
02/04/2019,3395.699951
03/04/2019,3435.560059
04/04/2019,3441.929932
05/04/2019,3447.469971
08/04/2019,3438.060059
09/04/2019,3417.219971
10/04/2019,3424.649902
11/04/2019,3435.340088
12/04/2019,3447.830078
15/04/2019,3450.459961
16/04/2019,3463.360107
17/04/2019,3477.72998
18/04/2019,3499.22998
23/04/2019,3503.850098
24/04/2019,3502.629883
25/04/2019,3491.919922
26/04/2019,3500.409912
29/04/2019,3501.939941
30/04/2019,3514.620117
02/05/2019,3488.929932
03/05/2019,3502.47998
06/05/2019,3462.949951
07/05/2019,3401.159912
08/05/2019,3417.26001
09/05/2019,3350.709961
10/05/2019,3361.050049
13/05/2019,3320.780029
14/05/2019,3364.379883
15/05/2019,3385.780029
16/05/2019,3438.560059
17/05/2019,3425.639893
20/05/2019,3369.780029
21/05/2019,3386.51001
22/05/2019,3386.719971
23/05/2019,3327.199951
24/05/2019,3350.699951
27/05/2019,3364.040039
28/05/2019,3348.860107
29/05/2019,3297.810059
31/05/2019,3280.429932
03/06/2019,3300.219971
04/06/2019,3333.48999
05/06/2019,3339.949951
06/06/2019,3338.409912
07/06/2019,3378.379883
11/06/2019,3401.100098
12/06/2019,3386.629883
13/06/2019,3390.5
14/06/2019,3379.189941
17/06/2019,3383.209961
18/06/2019,3452.889893
19/06/2019,3454.699951
20/06/2019,3468.080078
21/06/2019,3466.919922
24/06/2019,3455.570068
25/06/2019,3444.360107
26/06/2019,3442.949951
27/06/2019,3442.379883
28/06/2019,3473.689941
01/07/2019,3497.590088
02/07/2019,3507.97998
03/07/2019,3540.629883
04/07/2019,3544.149902
05/07/2019,3527.97998
08/07/2019,3523.76001
09/07/2019,3509.75
10/07/2019,3501.52002
11/07/2019,3496.72998
12/07/2019,3497.629883
15/07/2019,3502.219971
16/07/2019,3521.360107
17/07/2019,3501.580078
18/07/2019,3482.830078
19/07/2019,3480.179932
22/07/2019,3489.919922
23/07/2019,3532.870117
24/07/2019,3532.899902
25/07/2019,3510.149902
26/07/2019,3524.469971
29/07/2019,3523.580078
30/07/2019,3462.850098
31/07/2019,3466.850098
02/08/2019,3376.120117
05/08/2019,3310.929932
06/08/2019,3291.659912
07/08/2019,3309.98999
08/08/2019,3375.379883
09/08/2019,3333.73999
12/08/2019,3326.550049
13/08/2019,3357.159912
14/08/2019,3288.699951
15/08/2019,3282.780029
16/08/2019,3329.080078
19/08/2019,3369.189941
20/08/2019,3350.22998
21/08/2019,3394.889893
22/08/2019,3373.669922
23/08/2019,3334.25
26/08/2019,3348.840088
27/08/2019,3370.469971
28/08/2019,3365.379883
29/08/2019,3411.330078
30/08/2019,3426.76001
02/09/2019,3432.540039
03/09/2019,3420.73999
04/09/2019,3450.830078
05/09/2019,3484.699951
06/09/2019,3495.189941
09/09/2019,3495.02002
10/09/2019,3498.98999
11/09/2019,3516.820068
12/09/2019,3538.860107
13/09/2019,3550.110107
16/09/2019,3518.449951
17/09/2019,3521.26001
18/09/2019,3528.040039
19/09/2019,3552.649902
20/09/2019,3571.389893
23/09/2019,3536.969971
24/09/2019,3532.050049
25/09/2019,3513.030029
26/09/2019,3532.179932
27/09/2019,3545.879883
30/09/2019,3569.449951
01/10/2019,3518.25
02/10/2019,3413.310059
03/10/2019,3417.370117
04/10/2019,3446.709961
07/10/2019,3471.23999
08/10/2019,3432.76001
09/10/2019,3462.110107
10/10/2019,3493.959961
11/10/2019,3569.919922
14/10/2019,3556.26001
15/10/2019,3598.649902
16/10/2019,3599.25
17/10/2019,3588.620117
18/10/2019,3579.409912
21/10/2019,3600.080078
22/10/2019,3604.820068
23/10/2019,3606.889893
24/10/2019,3621.370117
25/10/2019,3624.679932
28/10/2019,3625.689941
29/10/2019,3622.090088
30/10/2019,3620.290039
31/10/2019,3604.409912
01/11/2019,3623.73999
04/11/2019,3665.209961
05/11/2019,3676.52002
06/11/2019,3688.73999
07/11/2019,3706.679932
08/11/2019,3699.649902
11/11/2019,3696.820068
12/11/2019,3712.199951
13/11/2019,3699.5
14/11/2019,3688.810059
15/11/2019,3711.610107
18/11/2019,3704.919922
19/11/2019,3696.560059
20/11/2019,3683.879883
21/11/2019,3679.659912
22/11/2019,3687.320068
25/11/2019,3707.679932
26/11/2019,3705.550049
27/11/2019,3712.850098
28/11/2019,3704.47998
29/11/2019,3703.580078
02/12/2019,3626.659912
03/12/2019,3610.98999
04/12/2019,3660.02002
05/12/2019,3648.129883
06/12/2019,3692.340088
09/12/2019,3672.179932
10/12/2019,3671.780029
11/12/2019,3687.449951
12/12/2019,3706.350098
13/12/2019,3731.070068
16/12/2019,3772.73999
17/12/2019,3745.280029
18/12/2019,3739
19/12/2019,3739.169922
20/12/2019,3776.560059
23/12/2019,3776.659912
27/12/2019,3782.27002
30/12/2019,3748.469971
03/01/2020,3773.370117
06/01/2020,3752.52002
07/01/2020,3759.25
08/01/2020,3772.560059
09/01/2020,3795.879883
10/01/2020,3789.52002
13/01/2020,3779.679932
14/01/2020,3774.879883
15/01/2020,3768.959961
16/01/2020,3774.139893
17/01/2020,3808.26001
20/01/2020,3799.030029
21/01/2020,3789.120117
22/01/2020,3769.790039
23/01/2020,3736.850098
24/01/2020,3779.159912
27/01/2020,3677.840088
28/01/2020,3719.219971
29/01/2020,3736.360107
30/01/2020,3690.780029
31/01/2020,3640.909912
03/02/2020,3661.27002
04/02/2020,3732.280029
05/02/2020,3777.840088
06/02/2020,3805.52002
07/02/2020,3798.48999
10/02/2020,3793.179932
11/02/2020,3825.840088
12/02/2020,3854.429932
13/02/2020,3846.73999
14/02/2020,3840.969971
17/02/2020,3853.27002
18/02/2020,3836.540039
19/02/2020,3865.179932
20/02/2020,3822.97998
21/02/2020,3800.379883
24/02/2020,3647.97998
25/02/2020,3572.51001
26/02/2020,3577.679932
27/02/2020,3455.919922
28/02/2020,3329.48999
02/03/2020,3338.830078
03/03/2020,3371.969971
04/03/2020,3420.560059
05/03/2020,3363.580078
06/03/2020,3232.070068
09/03/2020,2959.070068
10/03/2020,2910.02002
11/03/2020,2905.560059
12/03/2020,2545.22998
13/03/2020,2586.02002
16/03/2020,2450.370117
17/03/2020,2530.5
18/03/2020,2385.820068
19/03/2020,2454.080078
20/03/2020,2548.5
23/03/2020,2485.540039
24/03/2020,2715.110107
25/03/2020,2800.139893
26/03/2020,2847.780029
27/03/2020,2728.649902
30/03/2020,2765.620117
31/03/2020,2786.899902
01/04/2020,2680.300049
02/04/2020,2688.48999
03/04/2020,2662.98999
06/04/2020,2795.969971
07/04/2020,2857.669922
08/04/2020,2851.27002
09/04/2020,2892.790039
14/04/2020,2917.73999
15/04/2020,2808.199951
16/04/2020,2812.350098
17/04/2020,2888.300049
20/04/2020,2909.5
21/04/2020,2791.340088
22/04/2020,2834.899902
23/04/2020,2852.459961
24/04/2020,2809.070068
27/04/2020,2882.090088
28/04/2020,2932.060059
29/04/2020,2996.080078
30/04/2020,2927.929932
04/05/2020,2816.47998
05/05/2020,2875.909912
06/05/2020,2843.76001
07/05/2020,2880.600098
08/05/2020,2908.110107
11/05/2020,2883.75
12/05/2020,2884.199951
13/05/2020,2810.550049
14/05/2020,2760.22998
15/05/2020,2770.699951
18/05/2020,2911.879883
19/05/2020,2902.580078
20/05/2020,2942.389893
22/05/2020,2905.469971
25/05/2020,2971.350098
26/05/2020,2999.219971
27/05/2020,3051.080078
28/05/2020,3094.469971
29/05/2020,3050.199951
02/06/2020,3159.02002
03/06/2020,3269.590088
04/06/2020,3261.669922
05/06/2020,3384.290039
08/06/2020,3366.290039
09/06/2020,3320.709961
10/06/2020,3293.709961
11/06/2020,3144.570068
12/06/2020,3153.73999
15/06/2020,3136.399902
16/06/2020,3242.649902
17/06/2020,3267.26001
18/06/2020,3249.899902
19/06/2020,3269.100098
22/06/2020,3241.689941
23/06/2020,3298.830078
24/06/2020,3196.120117
25/06/2020,3218.909912
26/06/2020,3204.169922
29/06/2020,3232.02002
30/06/2020,3234.070068
01/07/2020,3228.449951
02/07/2020,3320.090088
03/07/2020,3294.379883
06/07/2020,3350.030029
07/07/2020,3321.560059
08/07/2020,3286.090088
09/07/2020,3261.169922
10/07/2020,3296.219971
13/07/2020,3350
14/07/2020,3321.389893
15/07/2020,3378.209961
16/07/2020,3365.350098
17/07/2020,3365.600098
20/07/2020,3388.340088
21/07/2020,3405.350098
22/07/2020,3370.76001
23/07/2020,3371.73999
24/07/2020,3310.889893
27/07/2020,3302.840088
28/07/2020,3303.560059
29/07/2020,3300.159912
30/07/2020,3208.199951
31/07/2020,3174.320068
03/08/2020,3248.280029
04/08/2020,3254.290039
05/08/2020,3268.379883
06/08/2020,3240.389893
07/08/2020,3252.649902
10/08/2020,3259.709961
11/08/2020,3332.120117
12/08/2020,3363.179932
13/08/2020,3342.850098
14/08/2020,3305.050049
17/08/2020,3305.850098
18/08/2020,3289.639893
19/08/2020,3317.620117
20/08/2020,3273.97998
21/08/2020,3259.75
24/08/2020,3331.73999
25/08/2020,3329.709961
26/08/2020,3356.76001
27/08/2020,3331.040039
28/08/2020,3315.540039
31/08/2020,3272.51001
01/09/2020,3277.580078
02/09/2020,3337.77002
03/09/2020,3304.219971
04/09/2020,3260.590088
07/09/2020,3314.070068
08/09/2020,3267.370117
09/09/2020,3324.830078
10/09/2020,3312.77002
11/09/2020,3315.810059
14/09/2020,3316.790039
15/09/2020,3332.26001
16/09/2020,3338.840088
17/09/2020,3316.570068
18/09/2020,3283.689941
21/09/2020,3160.949951
22/09/2020,3164.129883
23/09/2020,3180.110107
24/09/2020,3159.639893
25/09/2020,3137.060059
28/09/2020,3223.189941
29/09/2020,3214.300049
30/09/2020,3193.610107
01/10/2020,3194.090088
02/10/2020,3190.929932
05/10/2020,3220.219971
06/10/2020,3233.300049
07/10/2020,3233.429932
08/10/2020,3255.76001
09/10/2020,3273.120117
12/10/2020,3298.120117
13/10/2020,3279.189941
14/10/2020,3273.280029
15/10/2020,3192.689941
16/10/2020,3245.469971
19/10/2020,3242.51001
20/10/2020,3227.870117
21/10/2020,3180.699951
22/10/2020,3171.409912
23/10/2020,3198.860107
26/10/2020,3105.25
27/10/2020,3070.600098
28/10/2020,2963.540039
29/10/2020,2960.030029
30/10/2020,2958.209961
02/11/2020,3019.540039
03/11/2020,3098.719971
04/11/2020,3161.070068
05/11/2020,3215.560059
06/11/2020,3204.050049
09/11/2020,3407.909912
10/11/2020,3442.620117
11/11/2020,3467.300049
12/11/2020,3428.199951
13/11/2020,3432.070068
16/11/2020,3466.209961
17/11/2020,3468.47998
18/11/2020,3482.169922
19/11/2020,3451.969971
20/11/2020,3467.600098
23/11/2020,3463.040039
24/11/2020,3507.97998
25/11/2020,3511.899902
26/11/2020,3510.939941
27/11/2020,3527.790039
30/11/2020,3492.540039
01/12/2020,3525.23999
02/12/2020,3521.320068
03/12/2020,3517.100098
04/12/2020,3539.27002
07/12/2020,3530.080078
08/12/2020,3525.870117
09/12/2020,3529.02002
10/12/2020,3522.310059
11/12/2020,3485.840088
14/12/2020,3503.959961
15/12/2020,3521.5
16/12/2020,3543
17/12/2020,3560.870117
18/12/2020,3545.73999
21/12/2020,3448.679932
22/12/2020,3497.48999
23/12/2020,3539.26001
28/12/2020,3575.409912
29/12/2020,3581.370117
30/12/2020,3571.590088
04/01/2021,3564.389893
05/01/2021,3547.850098
06/01/2021,3611.080078
07/01/2021,3622.419922
08/01/2021,3645.050049
11/01/2021,3620.620117
12/01/2021,3612.129883
13/01/2021,3616.51001
14/01/2021,3641.370117
15/01/2021,3599.550049
18/01/2021,3602.669922
19/01/2021,3595.419922
20/01/2021,3624.040039
21/01/2021,3618.350098
22/01/2021,3602.409912
25/01/2021,3553.139893
26/01/2021,3592.830078
27/01/2021,3536.379883
28/01/2021,3557.040039
29/01/2021,3481.439941
01/02/2021,3530.850098
02/02/2021,3590.459961
03/02/2021,3609.75
04/02/2021,3642.120117
05/02/2021,3655.77002
08/02/2021,3665.51001
09/02/2021,3661.129883
10/02/2021,3648.370117
11/02/2021,3671.679932
12/02/2021,3695.610107
15/02/2021,3734.199951
16/02/2021,3726.399902
17/02/2021,3699.850098
18/02/2021,3681.040039
19/02/2021,3713.459961
22/02/2021,3699.850098
23/02/2021,3689.100098
24/02/2021,3705.98999
25/02/2021,3685.280029
26/02/2021,3636.439941
01/03/2021,3706.620117
02/03/2021,3707.719971
03/03/2021,3712.780029
04/03/2021,3704.850098
05/03/2021,3669.540039
08/03/2021,3763.23999
09/03/2021,3786.050049
10/03/2021,3819.919922
11/03/2021,3845.639893
12/03/2021,3833.360107
15/03/2021,3829.840088
16/03/2021,3850.959961
17/03/2021,3849.73999
18/03/2021,3867.540039
19/03/2021,3837.02002
22/03/2021,3833.840088
23/03/2021,3827.02002
24/03/2021,3832.550049
25/03/2021,3832.570068
26/03/2021,3866.679932
29/03/2021,3882.870117
30/03/2021,3926.199951
31/03/2021,3919.209961
01/04/2021,3945.959961
06/04/2021,3970.419922
07/04/2021,3956.77002
08/04/2021,3977.830078
09/04/2021,3978.840088
12/04/2021,3961.899902
13/04/2021,3966.98999
14/04/2021,3976.280029
15/04/2021,3993.429932
16/04/2021,4032.98999
19/04/2021,4019.909912
20/04/2021,3940.459961
21/04/2021,3976.409912
22/04/2021,4014.800049
23/04/2021,4013.340088
26/04/2021,4020.830078
27/04/2021,4011.909912
28/04/2021,4015.030029
29/04/2021,3996.899902
30/04/2021,3974.73999
03/05/2021,4000.25
04/05/2021,3924.800049
05/05/2021,4002.790039
06/05/2021,3999.439941
07/05/2021,4034.25
10/05/2021,4023.350098
11/05/2021,3946.060059
12/05/2021,3947.429932
14/05/2021,4017.439941
17/05/2021,4006.840088
18/05/2021,4005.340088
19/05/2021,3936.73999
20/05/2021,3999.909912
21/05/2021,4025.780029
25/05/2021,4036.040039
26/05/2021,4031.669922
27/05/2021,4039.209961
28/05/2021,4070.560059
31/05/2021,4039.459961
01/06/2021,4071.75
02/06/2021,4088.5
03/06/2021,4079.23999
04/06/2021,4089.379883
07/06/2021,4097.649902
08/06/2021,4096.009766
09/06/2021,4096.850098
10/06/2021,4096.069824
11/06/2021,4126.700195
14/06/2021,4132.669922
15/06/2021,4143.52002
16/06/2021,4151.759766
17/06/2021,4158.140137
18/06/2021,4083.370117
21/06/2021,4112.330078
22/06/2021,4123.129883
23/06/2021,4075.939941
24/06/2021,4122.430176
25/06/2021,4120.660156
28/06/2021,4089.909912
29/06/2021,4107.509766
30/06/2021,4064.300049
01/07/2021,4078.889893
02/07/2021,4084.310059
05/07/2021,4087.370117
06/07/2021,4052.669922
07/07/2021,4078.530029
08/07/2021,3991.659912
09/07/2021,4068.090088
12/07/2021,4093.379883
13/07/2021,4094.560059
14/07/2021,4099.5
15/07/2021,4056.389893
16/07/2021,4035.77002
19/07/2021,3928.530029
20/07/2021,3956.340088
21/07/2021,4026.679932
22/07/2021,4059.050049
23/07/2021,4109.100098
26/07/2021,4102.589844
27/07/2021,4064.830078
28/07/2021,4103.029785
29/07/2021,4116.77002
30/07/2021,4089.300049
02/08/2021,4116.620117
03/08/2021,4117.950195
04/08/2021,4144.899902
05/08/2021,4161.080078
06/08/2021,4174.540039
09/08/2021,4177.149902
10/08/2021,4187.819824
11/08/2021,4206.330078
12/08/2021,4226.330078
13/08/2021,4229.700195
16/08/2021,4202.439941
17/08/2021,4196.399902
18/08/2021,4189.419922
19/08/2021,4124.709961
20/08/2021,4147.5
23/08/2021,4176.419922
24/08/2021,4178.080078
25/08/2021,4181.120117
26/08/2021,4169.870117
27/08/2021,4190.97998
30/08/2021,4198.799805
31/08/2021,4196.410156
01/09/2021,4227.27002
02/09/2021,4232.100098
03/09/2021,4201.97998
06/09/2021,4246.129883
07/09/2021,4225.009766
08/09/2021,4177.149902
09/09/2021,4177.109863
10/09/2021,4170.350098
13/09/2021,4189.529785
14/09/2021,4191.669922
15/09/2021,4145.939941
16/09/2021,4169.870117
17/09/2021,4130.839844
20/09/2021,4043.629883
21/09/2021,4097.509766
22/09/2021,4150.189941
23/09/2021,4194.919922
24/09/2021,4158.509766
27/09/2021,4165.47998
28/09/2021,4058.820068
29/09/2021,4080.219971
30/09/2021,4048.080078
01/10/2021,4035.300049
04/10/2021,3996.409912
05/10/2021,4065.429932
06/10/2021,4012.649902
07/10/2021,4098.339844
08/10/2021,4073.290039
11/10/2021,4072.52002
12/10/2021,4055.090088
13/10/2021,4083.280029
14/10/2021,4149.060059
15/10/2021,4182.910156
18/10/2021,4151.399902
19/10/2021,4166.830078
20/10/2021,4172.169922
21/10/2021,4155.72998
22/10/2021,4188.810059
25/10/2021,4188.310059
26/10/2021,4223.970215
27/10/2021,4220.879883
28/10/2021,4233.870117
29/10/2021,4250.560059
01/11/2021,4280.470215
02/11/2021,4296.220215
03/11/2021,4309.609863
04/11/2021,4333.339844
05/11/2021,4363.040039
08/11/2021,4352.529785
09/11/2021,4344.629883
10/11/2021,4348.819824
11/11/2021,4358
12/11/2021,4370.330078
15/11/2021,4386.189941
16/11/2021,4401.490234
17/11/2021,4400.810059
18/11/2021,4383.700195
19/11/2021,4356.470215
22/11/2021,4338.689941
23/11/2021,4283.819824
24/11/2021,4276.25
25/11/2021,4293.240234
26/11/2021,4089.580078
29/11/2021,4109.509766
30/11/2021,4063.060059
01/12/2021,4179.149902
02/12/2021,4108.02002
03/12/2021,4080.149902
06/12/2021,4137.109863
07/12/2021,4276.200195
08/12/2021,4233.089844
09/12/2021,4208.299805
10/12/2021,4199.160156
13/12/2021,4183.040039
14/12/2021,4144.509766
15/12/2021,4159.680176
16/12/2021,4201.870117
17/12/2021,4161.350098
20/12/2021,4107.129883
21/12/2021,4174.990234
22/12/2021,4217.060059
23/12/2021,4265.859863
27/12/2021,4287.97998
28/12/2021,4311.930176
29/12/2021,4284.830078
30/12/2021,4306.069824
03/01/2022,4331.819824
04/01/2022,4367.620117
05/01/2022,4392.149902
06/01/2022,4324.810059
07/01/2022,4305.830078
10/01/2022,4239.52002
11/01/2022,4281.540039
12/01/2022,4316.390137
13/01/2022,4315.899902
14/01/2022,4272.189941
17/01/2022,4302.140137
18/01/2022,4257.819824
19/01/2022,4268.279785
20/01/2022,4299.609863
21/01/2022,4229.560059
24/01/2022,4054.360107
25/01/2022,4078.26001
26/01/2022,4164.600098
27/01/2022,4184.970215
28/01/2022,4136.910156
31/01/2022,4174.600098
01/02/2022,4224.450195
02/02/2022,4222.049805
03/02/2022,4141.02002
04/02/2022,4086.580078
07/02/2022,4120.560059
08/02/2022,4129.25
09/02/2022,4204.089844
10/02/2022,4197.069824
11/02/2022,4155.22998
14/02/2022,4064.449951
15/02/2022,4143.709961
16/02/2022,4137.220215
17/02/2022,4113.189941
18/02/2022,4074.280029
21/02/2022,3985.709961
22/02/2022,3985.469971
23/02/2022,3973.409912
24/02/2022,3829.290039
25/02/2022,3970.689941
28/02/2022,3924.22998
01/03/2022,3765.850098
02/03/2022,3820.590088
03/03/2022,3741.780029
04/03/2022,3556.01001
07/03/2022,3512.219971
08/03/2022,3505.290039
09/03/2022,3766.02002
10/03/2022,3651.389893
11/03/2022,3686.780029
14/03/2022,3741.100098
15/03/2022,3738.110107
16/03/2022,3889.689941
17/03/2022,3885.320068
18/03/2022,3902.439941
21/03/2022,3881.800049
22/03/2022,3926.120117
23/03/2022,3869.219971
24/03/2022,3863.389893
25/03/2022,3867.72998
28/03/2022,3887.100098
29/03/2022,4002.179932
30/03/2022,3959.139893
31/03/2022,3902.52002
01/04/2022,3918.679932
04/04/2022,3951.120117
05/04/2022,3917.850098
06/04/2022,3824.689941
07/04/2022,3802.01001
08/04/2022,3858.370117
11/04/2022,3839.620117
12/04/2022,3831.469971
13/04/2022,3827.959961
14/04/2022,3848.679932
19/04/2022,3830.76001
20/04/2022,3896.810059
21/04/2022,3928.030029
22/04/2022,3840.01001
25/04/2022,3757.590088
26/04/2022,3721.360107
27/04/2022,3734.639893
28/04/2022,3777.02002
29/04/2022,3802.860107
02/05/2022,3732.439941
03/05/2022,3761.189941
04/05/2022,3724.98999
05/05/2022,3696.629883
06/05/2022,3629.169922
09/05/2022,3526.860107
10/05/2022,3554.800049
11/05/2022,3647.870117
12/05/2022,3613.429932
13/05/2022,3703.419922
16/05/2022,3685.340088
17/05/2022,3741.51001
18/05/2022,3690.73999
19/05/2022,3633.330078
20/05/2022,3657.030029
23/05/2022,3708.389893
24/05/2022,3647.560059
25/05/2022,3677.100098
27/05/2022,3808.860107
30/05/2022,3841.620117
31/05/2022,3789.209961
01/06/2022,3759.540039
02/06/2022,3795.129883
03/06/2022,3783.659912
07/06/2022,3806.73999
08/06/2022,3788.929932
09/06/2022,3724.449951
10/06/2022,3599.199951
13/06/2022,3502.5
14/06/2022,3475.179932
15/06/2022,3532.320068
16/06/2022,3427.909912
17/06/2022,3438.459961
20/06/2022,3469.830078
21/06/2022,3494
22/06/2022,3464.639893
23/06/2022,3436.290039
24/06/2022,3533.169922
27/06/2022,3538.879883
28/06/2022,3549.290039
29/06/2022,3514.320068
30/06/2022,3454.860107
01/07/2022,3448.310059
04/07/2022,3452.419922
05/07/2022,3359.830078
06/07/2022,3421.840088
07/07/2022,3488.5
08/07/2022,3506.550049
11/07/2022,3471.689941
12/07/2022,3487.050049
13/07/2022,3453.969971
14/07/2022,3396.610107
15/07/2022,3477.199951
18/07/2022,3511.860107
19/07/2022,3587.439941
20/07/2022,3585.23999
21/07/2022,3596.51001
22/07/2022,3596.48999
25/07/2022,3604.159912
26/07/2022,3575.360107
27/07/2022,3607.780029
28/07/2022,3652.199951
29/07/2022,3708.100098
02/08/2022,3684.629883
03/08/2022,3732.540039
04/08/2022,3754.600098
05/08/2022,3725.389893
08/08/2022,3757.219971
09/08/2022,3715.370117
10/08/2022,3749.350098
11/08/2022,3757.050049
12/08/2022,3776.810059
15/08/2022,3789.620117
16/08/2022,3805.219971
17/08/2022,3756.060059
18/08/2022,3777.379883
19/08/2022,3730.320068
22/08/2022,3658.219971
23/08/2022,3652.52002
24/08/2022,3667.459961
25/08/2022,3674.540039
26/08/2022,3603.679932
29/08/2022,3570.51001
30/08/2022,3561.919922
31/08/2022,3517.25
01/09/2022,3456.699951
02/09/2022,3544.379883
05/09/2022,3490.01001
06/09/2022,3500.139893
07/09/2022,3502.090088
08/09/2022,3512.379883
09/09/2022,3570.040039
12/09/2022,3646.51001
13/09/2022,3586.179932
14/09/2022,3567.560059
15/09/2022,3541.790039
16/09/2022,3500.409912
19/09/2022,3499.48999
20/09/2022,3467.090088
21/09/2022,3491.870117
22/09/2022,3427.139893
23/09/2022,3348.600098
26/09/2022,3342.560059
27/09/2022,3328.649902
28/09/2022,3335.300049
29/09/2022,3279.040039
30/09/2022,3318.199951
03/10/2022,3342.169922
04/10/2022,3484.47998
05/10/2022,3447.719971
06/10/2022,3433.449951
07/10/2022,3375.459961
10/10/2022,3356.879883
11/10/2022,3340.350098
12/10/2022,3331.530029
13/10/2022,3362.399902
14/10/2022,3381.72998
17/10/2022,3441.639893
18/10/2022,3463.830078
19/10/2022,3471.23999
20/10/2022,3492.850098
21/10/2022,3476.629883
24/10/2022,3527.790039
25/10/2022,3585.580078
26/10/2022,3605.310059
27/10/2022,3604.51001
28/10/2022,3613.02002
31/10/2022,3617.540039
01/11/2022,3651.02002
02/11/2022,3622.01001
03/11/2022,3593.179932
04/11/2022,3688.330078
07/11/2022,3708.800049
08/11/2022,3739.280029
09/11/2022,3728.030029
10/11/2022,3846.560059
11/11/2022,3868.5
14/11/2022,3887.51001
15/11/2022,3915.090088
16/11/2022,3882.780029
17/11/2022,3878.419922
18/11/2022,3924.840088
21/11/2022,3909.280029
22/11/2022,3929.899902
23/11/2022,3946.439941
24/11/2022,3961.98999
25/11/2022,3962.409912
28/11/2022,3935.51001
29/11/2022,3934.439941
30/11/2022,3964.719971
01/12/2022,3984.5
02/12/2022,3977.899902
05/12/2022,3956.530029
06/12/2022,3939.189941
07/12/2022,3920.899902
08/12/2022,3921.27002
09/12/2022,3942.620117
12/12/2022,3921.820068
13/12/2022,3986.830078
14/12/2022,3975.26001
15/12/2022,3835.699951
16/12/2022,3804.02002
19/12/2022,3811.23999
20/12/2022,3802.48999
21/12/2022,3872.149902
22/12/2022,3823.290039
23/12/2022,3817.01001
27/12/2022,3832.889893
28/12/2022,3808.820068
29/12/2022,3850.070068
30/12/2022,3793.620117
03/01/2023,3882.290039
04/01/2023,3973.969971
05/01/2023,3959.47998
06/01/2023,4017.830078
09/01/2023,4068.620117
10/01/2023,4057.459961
11/01/2023,4099.759766
12/01/2023,4126.680176
13/01/2023,4150.799805
16/01/2023,4157
17/01/2023,4174.330078
18/01/2023,4174.339844
19/01/2023,4094.280029
20/01/2023,4119.899902
23/01/2023,4150.819824
24/01/2023,4153.02002
25/01/2023,4148.109863
26/01/2023,4173.97998
27/01/2023,4178.009766
30/01/2023,4158.629883
31/01/2023,4163.450195
01/02/2023,4171.439941
02/02/2023,4241.120117
03/02/2023,4257.97998
06/02/2023,4205.450195
07/02/2023,4209.310059
08/02/2023,4209.149902
09/02/2023,4250.140137
10/02/2023,4197.939941
13/02/2023,4241.359863
14/02/2023,4238.759766
15/02/2023,4280.040039
16/02/2023,4297.240234
17/02/2023,4274.919922
20/02/2023,4271.180176
21/02/2023,4250.399902
22/02/2023,4242.879883
23/02/2023,4258.160156
24/02/2023,4178.819824
27/02/2023,4248.009766
28/02/2023,4238.379883
01/03/2023,4215.75
02/03/2023,4240.589844
03/03/2023,4294.799805
06/03/2023,4313.779785
07/03/2023,4278.959961
08/03/2023,4288.450195
09/03/2023,4286.120117
10/03/2023,4229.529785
13/03/2023,4096.540039
14/03/2023,4179.470215
15/03/2023,4034.919922
16/03/2023,4116.97998
17/03/2023,4064.98999
20/03/2023,4119.419922
21/03/2023,4181.600098
22/03/2023,4195.700195
23/03/2023,4207.140137
24/03/2023,4130.620117
27/03/2023,4164.620117
28/03/2023,4168.209961
29/03/2023,4231.27002
30/03/2023,4285.419922
31/03/2023,4315.049805
03/04/2023,4311.049805
04/04/2023,4315.319824
05/04/2023,4298.359863
06/04/2023,4309.450195
11/04/2023,4333.290039
12/04/2023,4334.029785
13/04/2023,4363.240234
14/04/2023,4390.75
17/04/2023,4367.609863
18/04/2023,4393.950195
19/04/2023,4393.569824
20/04/2023,4384.859863
21/04/2023,4408.589844
24/04/2023,4401.799805
25/04/2023,4377.850098
26/04/2023,4347.709961
27/04/2023,4358.049805
28/04/2023,4359.310059
02/05/2023,4294.850098
03/05/2023,4310.180176
04/05/2023,4287.029785
05/05/2023,4340.430176
08/05/2023,4348.649902
09/05/2023,4323.089844
10/05/2023,4306.759766
11/05/2023,4309.75
12/05/2023,4317.879883
15/05/2023,4316.410156
16/05/2023,4315.509766
17/05/2023,4323.22998
19/05/2023,4395.299805
22/05/2023,4385.629883
23/05/2023,4342.379883
24/05/2023,4263.740234
25/05/2023,4269.640137
26/05/2023,4337.5
30/05/2023,4291.580078
31/05/2023,4218.040039
01/06/2023,4257.609863
02/06/2023,4323.52002
05/06/2023,4293.240234
06/06/2023,4295.220215
07/06/2023,4291.910156
08/06/2023,4297.680176
09/06/2023,4289.790039
12/06/2023,4316.490234
13/06/2023,4347.549805
14/06/2023,4375.97998
15/06/2023,4365.120117
16/06/2023,4394.819824
19/06/2023,4362.379883
20/06/2023,4343.140137
21/06/2023,4322.75
22/06/2023,4304.470215
23/06/2023,4271.609863
26/06/2023,4280.569824
27/06/2023,4305.259766
28/06/2023,4344.75
29/06/2023,4354.689941
30/06/2023,4399.089844
03/07/2023,4398.149902
04/07/2023,4390.990234
05/07/2023,4350.709961
06/07/2023,4223.089844
07/07/2023,4236.600098
10/07/2023,4256.509766
11/07/2023,4286.560059
12/07/2023,4360.459961
13/07/2023,4391.759766
14/07/2023,4400.109863
17/07/2023,4356.790039
18/07/2023,4369.72998
19/07/2023,4362.279785
20/07/2023,4373.72998
21/07/2023,4391.410156
24/07/2023,4383.029785
25/07/2023,4391.299805
26/07/2023,4346.149902
27/07/2023,4447.439941
28/07/2023,4466.5
31/07/2023,4471.310059
02/08/2023,4336.5
03/08/2023,4304.629883
04/08/2023,4332.910156
07/08/2023,4337.5
08/08/2023,4288.850098
09/08/2023,4317.330078
10/08/2023,4384.040039
11/08/2023,4321.330078
14/08/2023,4330.22998
15/08/2023,4288.569824
16/08/2023,4284.27002
17/08/2023,4227.830078
18/08/2023,4212.950195
21/08/2023,4224.870117
22/08/2023,4260.370117
23/08/2023,4266.669922
24/08/2023,4232.220215
25/08/2023,4236.25
28/08/2023,4293.689941
29/08/2023,4326.470215
30/08/2023,4315.310059
31/08/2023,4297.109863
01/09/2023,4282.640137
04/09/2023,4279.870117
05/09/2023,4269.160156
06/09/2023,4238.259766
07/09/2023,4221.02002
08/09/2023,4237.189941
11/09/2023,4254.330078
12/09/2023,4242.27002
13/09/2023,4223.47998
14/09/2023,4279.75
15/09/2023,4295.049805
18/09/2023,4245.879883
19/09/2023,4242.700195
20/09/2023,4275.97998
21/09/2023,4212.589844
22/09/2023,4207.160156
25/09/2023,4167.370117
26/09/2023,4129.180176
27/09/2023,4131.680176
28/09/2023,4161.560059
29/09/2023,4174.660156
02/10/2023,4137.629883
03/10/2023,4095.590088
04/10/2023,4099.850098
05/10/2023,4099.810059
06/10/2023,4144.430176
09/10/2023,4112.569824
10/10/2023,4205.22998
11/10/2023,4200.799805
12/10/2023,4198.22998
13/10/2023,4136.120117
16/10/2023,4149.859863
17/10/2023,4152.319824
18/10/2023,4105.859863
19/10/2023,4090.330078
20/10/2023,4024.679932
23/10/2023,4041.75
24/10/2023,4065.370117
25/10/2023,4073.350098
26/10/2023,4049.399902
27/10/2023,4014.360107
